date,time,decimal_year,latitude,longitude,pressure,altitude,theta,AoA,AoA_lowerBound,AoA_upperBound,CO2,ArN2,N2O,CO,O3,H2O,CH4
2009-01-10,2:52:00,2009.025,58.9,-138.05,21018.8,10925.8143,333.08,0.64,0.1,0.1,383.67,-19.23,310.8,31.1,333.5,5.57,1756.76
2009-01-10,3:23:00,2009.025,60.14,-143.91,16139.2,12490.8682,354.68,0.99,0.1,0.1,383.18,-34.16,303.4,24.3,512,4,1721.39
2009-01-13,0:03:00,2009.033,71.08,-149.09,16182.4,12277.8184,344.36,1,0.1,0.1,383.13,-43.54,303.3,24.8,516.4,3.73,1714.1
2009-01-13,0:09:00,2009.033,70.41,-148.57,16180.5,12303.6668,346.3,1.28,0.1,0.1,382.92,-27.53,296.9,21.9,627.7,3.63,1685.15
2009-01-13,0:17:00,2009.033,69.37,-148.43,16179.1,12348.8679,349.49,0.62,0.1,0.1,383.58,-22.9,311.1,31.3,339.7,3.56,1752.17
2009-01-14,20:58:00,2009.038,54.96,-162.66,32976.2,8032.5731,311.4,0.27,0.11,0.11,384.54,-27.76,317.9,47,207.3,15.02,1789.97
2009-01-19,1:40:00,2009.05,-37.48,178.68,23251.8,10939.3814,349.83,0.25,0.11,0.11,384.5,-26.58,318.2,37.8,159.3,10.04,1767.83
2009-01-21,2:44:00,2009.055,-65.26,-176.76,26386.8,9635.9691,342.28,1.26,0.11,0.11,383.03,-11.16,297.3,18.9,265.9,4.51,1661.23
2009-01-21,2:53:00,2009.055,-64.18,-177.68,17227.9,12548.233,382.56,0.3,0.11,0.11,384.48,-28.09,317.3,36.2,213,2.88,1764.51
2009-01-21,3:03:00,2009.055,-63.07,-178.54,16181,12970.1637,385.2,1.73,0.1,0.11,382.7,-79.41,286.2,19.7,376.8,3.33,1627.61
2009-01-26,7:52:00,2009.069,-26.22,-117.03,17854.7,12939.0652,342.38,0.36,0.1,0.11,384.57,-21.35,316.1,39.3,148.7,-9999,1751.67
2009-01-26,7:55:00,2009.069,-26.28,-116.6,17858.4,12935.4361,342.04,0.35,0.1,0.1,384.71,-33.35,316.3,38.5,150.4,-9999,1752.18
2009-10-31,21:33:00,2009.833,60.72,-136.41,21770.9,10845.3204,356.02,0.11,0.11,0.11,385.44,1.8,321.4,44.2,173.5,8.8,1805.96
2009-10-31,21:51:00,2009.833,60.95,-140.79,16168.2,12810.1651,386.11,0.35,0.11,0.11,385.83,-14.71,316.9,36.1,277.9,5.91,1779.85
2009-10-31,21:58:00,2009.833,61.01,-142.61,16166.4,12806.7678,388.58,0.59,0.1,0.1,385.72,-18.22,312.2,30,387.8,5.63,1747.46
2009-10-31,22:04:00,2009.833,61.03,-144.11,16249.9,12774.8817,388.11,0.58,0.1,0.1,385.77,-16.11,312.4,28.1,400.9,5.69,1738.61
2009-10-31,22:09:00,2009.833,61.05,-145.71,23803.3,10240.4414,348.67,0.33,0.11,0.11,385.96,9.44,317.3,35.2,259.3,7.97,1778.82
2009-11-02,19:53:00,2009.838,67.35,-150.5,25271.8,9778.3796,333.88,0.43,0.11,0.11,385.87,-36.07,315.3,34.1,270.9,7.95,1767.04
2009-11-03,0:27:00,2009.838,71.57,-147.83,23785.5,10160.0301,331.71,0.21,0.11,0.11,385.69,-4.82,319.5,44.2,188.8,17.92,1792.63
2009-11-03,1:09:00,2009.838,66.21,-149.3,14676.6,13351.7923,397.75,0.72,0.1,0.1,385.54,-29.25,309.5,24.7,470.3,5.26,1737.55
2009-11-03,1:24:00,2009.839,64.3,-149.68,14675.9,13379.8679,398.16,0.6,0.1,0.1,385.56,-16.74,312,27.6,434.6,5.38,1752.99
2009-11-10,1:01:00,2009.858,-38.89,-179.58,22735.5,10947.614,333.51,0.48,0.1,0.11,385.57,-34.96,314.3,37.6,196.6,-9999,1740.1
2009-11-10,1:20:00,2009.858,-40.26,178.29,16236.7,13125.5058,369.78,1.42,0.11,0.11,384.45,-62.68,294.2,20.1,368,-9999,1653.15
2009-11-12,4:31:00,2009.864,-46.87,172.83,16184.5,12938.5404,382.82,1,0.11,0.11,384.97,-48.1,303.5,20.5,475.7,6.43,1680.07
2009-11-14,21:50:00,2009.871,-41.99,168.18,19037.5,12045.8017,352.09,0.57,0.11,0.11,385.75,-45.08,312.4,29,280.3,7.5,1718.55
2009-11-21,20:10:00,2009.89,66.81,-149.9,24969.2,9628.0433,338.17,0.31,0.11,0.11,385.74,-2.7,317.8,39.9,255.4,10.01,1776.84
2009-11-21,23:44:00,2009.89,81.79,-155.53,26898.2,9186.9875,316.47,0.21,0.11,0.11,385.88,8.34,319.7,59.2,145.6,-9999,1800.55
2009-11-21,23:49:00,2009.89,81.17,-154.93,21259.9,10713.9072,351.37,0.18,0.11,0.11,385.41,6.05,320.1,51.1,163.5,-9999,1793.58
2009-11-22,0:12:00,2009.89,78.32,-153.14,14678.6,13087.1202,390.07,1.99,0.08,0.08,383.41,-69.54,279,18.4,1023.6,6.08,1596.16
2009-11-22,1:04:00,2009.891,71.56,-151.33,14670.4,13082.5501,402.18,2.57,0.08,0.08,382.18,-105.11,259.6,17.4,1393.3,6.29,1513.16
2009-11-22,1:33:00,2009.891,67.78,-150.91,14677,13152.5275,400.06,0.64,0.1,0.1,385.53,-36.48,311.3,27.8,440.7,7.13,1748.32
2010-03-24,19:31:00,2010.227,44.56,-107.63,18741.2,12066.4471,338.03,1.27,0.1,0.1,384.96,-65.96,298,27.4,586.3,5.33,1687.49
2010-03-24,19:49:00,2010.227,46.22,-109.29,18799,12046.9733,336.86,1.04,0.1,0.1,385.76,-100.12,303.1,37.5,493.1,7.93,1713.58
2010-03-24,20:23:00,2010.227,49.61,-111.59,18762.6,11994.5643,333.84,1.3,0.09,0.09,384.73,-91.74,297.3,26.5,590.6,5.04,1688.42
2010-03-24,20:29:00,2010.227,50.29,-111.99,18767.7,11979.5804,336.84,1.33,0.09,0.09,384.91,-69.95,296.6,26.4,595.5,4.89,1683.29
2010-03-24,23:59:00,2010.227,60.93,-140.17,16181.6,12759.4423,377.72,1.46,0.09,0.09,384.9,-59.38,293.4,28,692.1,4.18,1664.87
2010-03-25,0:01:00,2010.227,60.96,-140.93,16177.8,12761.6728,377.12,1.54,0.09,0.09,384.87,-49.39,291.5,27.5,723.6,4.3,1656.76
2010-03-26,20:09:00,2010.232,71.4,-148.75,34968.4,7435.3907,308.07,0.67,0.1,0.1,387.06,-18.03,310.9,53.7,297.5,13.13,1753.6
2010-03-26,20:13:00,2010.232,71.82,-148.78,32985.5,7820.1192,313.04,0.77,0.1,0.1,385.83,-20.94,309,35.9,395.6,9.41,1732.73
2010-03-26,21:00:00,2010.233,75.41,-149,33060.5,7807.7332,310.51,0.74,0.1,0.1,386.01,-36.31,309.6,38.3,375.3,9.67,1742.53
2010-03-26,22:47:00,2010.233,83.45,-149,32959.1,8007.714,302.43,0.21,0.11,0.11,389.73,-11.12,320,97.7,144.2,23.94,1817.25
2010-03-29,18:58:00,2010.241,56.79,-159.86,23321.3,10088.3682,339.11,1.12,0.1,0.1,385.07,-130.49,301.5,29.4,527.2,5.93,1696.23
2010-03-29,20:35:00,2010.241,50.63,-160.31,32986.5,7914.3108,299.65,0.28,0.11,0.11,388.35,-34.45,318.6,73,198,19.45,1793.92
2010-04-06,2:58:00,2010.261,-63.85,170,25076.9,9438.022,336.7,1,0.11,0.11,385.1,-33.07,303.8,24.7,246.7,-9999,1693.22
2010-04-06,3:46:00,2010.261,-57.28,170,16330.6,12541.5106,376.19,0.87,0.1,0.11,385.64,-40.94,306.7,25.8,316.4,8.02,1713.89
2010-04-06,4:00:00,2010.261,-55.48,170,16207.6,12669.0242,375.13,0.43,0.1,0.11,386.2,-22.75,315.6,33.3,206.8,-9999,1752.92
2010-04-06,4:58:00,2010.261,-47.76,170.26,16204.3,12934.172,368.77,0.25,0.11,0.11,386.57,0.78,319.1,39,163.8,-9999,1770.06
2010-04-08,22:53:00,2010.268,-39.15,176.96,19702.7,11938.3653,339.13,0.63,0.11,0.11,385.09,-48.38,311.5,30.1,180.4,8.88,1733.04
2010-04-08,22:59:00,2010.268,-38.53,177.54,19702.8,11935.4656,341.09,0.66,0.11,0.11,385.67,-62.28,310.9,27.8,202.5,7.28,1718.64
2010-04-14,3:06:00,2010.283,56.55,-162.2,14659.9,13363.9937,385.47,2.53,0.08,0.08,383.2,-102.39,261.4,20.3,1195.6,4.59,1537.84
2010-04-14,3:17:00,2010.283,58.06,-161.47,14667.8,13342.1555,385.83,2.78,0.11,0.09,382.38,-106.86,250.7,19.3,1321.5,4.65,1496.96
2010-04-14,3:27:00,2010.283,59.41,-161.55,14668,13320.6785,387.91,2.77,0.1,0.09,382.36,-113.75,251.4,19.5,1321.1,4.69,1499.75
2010-04-14,3:39:00,2010.283,60.82,-161.23,14671.2,13300.1956,391.5,2.84,0.12,0.1,382.68,-122.6,247.8,19,1385.1,4.77,1484.3
2010-04-15,19:08:00,2010.287,66.69,-147.87,33069.8,8017.7464,303.19,0.45,0.11,0.1,387.83,-49.83,315.4,60.4,279.7,-9999,1776.17
2010-04-15,23:10:00,2010.288,82.43,-149,19833.9,11178.2926,356.42,1.78,0.09,0.09,384.12,-65.9,285.4,23.8,771.9,-9999,1633.02
2010-04-15,23:21:00,2010.288,81.05,-148.99,14676.7,13173.6927,391.51,2.28,0.08,0.08,383.12,-86.39,270.3,20.7,1206.8,-9999,1573.38
2010-04-15,23:38:00,2010.288,78.94,-149,14680.4,13195.5925,392.33,2.45,0.08,0.08,383.27,-107.63,264.4,20.3,1256.6,-9999,1546.5
2010-04-15,23:52:00,2010.288,77.15,-149,14678.9,13212.676,392.89,3.05,0.17,0.14,382.62,-128.32,235.2,17.5,1443.2,-9999,1434.18
2010-04-16,0:04:00,2010.288,75.66,-149,14684,13228.0261,392.77,2.58,0.08,0.08,383.13,-107.86,259.5,19.6,1288.8,-9999,1529.76
2010-04-16,0:34:00,2010.288,71.84,-148.66,14682.6,13279.2535,390.26,2.51,0.08,0.08,383,-91.92,262.1,19.8,1223.1,-9999,1540.26
2010-04-16,0:48:00,2010.288,70.06,-149.1,14684.6,13306.3111,391.27,2.74,0.1,0.09,382.98,-103.48,252.9,18.5,1351.5,-9999,1504.67
2010-04-16,1:02:00,2010.288,68.3,-149.47,14687.6,13337.2277,388.43,2.65,0.09,0.08,383.02,-99.15,256.7,18.9,1283.9,-9999,1518.98
2011-06-14,16:51:00,2011.451,44.26,-107.98,18783,12468.7482,357.35,0.46,0.1,0.1,390.91,-87.69,316.5,50.8,268.1,12.11,1777.02
2011-06-14,17:05:00,2011.451,45.63,-109.39,18779.3,12428.1483,364.26,0.82,0.1,0.1,389.41,-57.29,309.1,37.5,366.8,8.19,1737.15
2011-06-14,17:14:00,2011.451,46.42,-110.25,18775.4,12412.1025,366.42,1,0.1,0.1,388.68,-57.81,305.4,31.6,426,6.05,1716.11
2011-06-14,17:21:00,2011.451,47.03,-110.93,18773.5,12401.4074,362.71,1.02,0.1,0.1,388.65,-52.46,305,30.5,436,6.6,1712.99
2011-06-14,17:39:00,2011.451,49.01,-112.3,18771.9,12358.0848,364.45,1.37,0.09,0.09,387.44,-44.06,297,22.2,545.6,3.71,1671.78
2011-06-14,17:59:00,2011.451,51.47,-113.53,23418.8,10866.2296,341.32,1.01,0.1,0.1,388.64,-105.39,305.1,31.9,436.7,9.37,1717.03
2011-06-14,18:52:00,2011.451,55.36,-117.19,18750.8,12270.259,361.89,1.42,0.09,0.09,387.24,-67.13,295.8,19.5,547.4,3.83,1669.45
2011-06-14,19:05:00,2011.451,56.45,-119.43,18750,12243.2059,364.73,1.3,0.09,0.09,387.56,-63.07,298.7,23.5,512.4,4.3,1684.91
2011-06-14,19:24:00,2011.452,58.04,-123.1,18758.5,12206.8638,365.77,1.45,0.09,0.09,387.2,-60.82,295,21.2,559.5,3.72,1667.51
2011-06-14,19:33:00,2011.452,58.68,-124.76,23492.6,10728.6608,337.6,1.02,0.1,0.1,388.64,-65.66,305,31.2,431.3,9.64,1718.78
2011-06-14,21:12:00,2011.452,60.05,-142.98,18759,12116.8116,368.5,1.25,0.1,0.09,387.71,-59.66,299.9,23.8,499.9,4.34,1693.62
2011-06-14,21:24:00,2011.452,60.4,-145.83,26656.6,9785.1407,329.45,0.54,0.1,0.11,390.55,-27.34,315,56.1,308.8,29.75,1774.59
2011-06-16,19:18:00,2011.457,66.95,-149.88,22376,10965.8252,348.57,0.88,0.1,0.1,389.09,-38.7,307.9,33.4,387.2,9.92,1729.88
2011-06-16,22:51:00,2011.457,81.92,-153,32994.8,8275.4912,315.5,0.55,0.1,0.1,391.13,-9.49,314.8,63.9,266.5,38.27,1779.65
2011-06-17,1:56:00,2011.458,68.59,-144.07,19447.1,11939.7356,365.96,0.37,0.11,0.1,387.86,-33.09,318.2,25.2,499,5.33,1695.53
2011-06-18,18:51:00,2011.462,57.71,-158.68,18767.7,12181.958,369.05,1.45,0.09,0.09,387.35,-67.74,295.1,21.1,565.7,4.44,1665.45
2011-07-07,20:09:00,2011.515,53.58,-166.86,21236.4,11693.309,353.86,0.5,0.1,0.1,390.79,19.39,315.8,61.2,219.1,17.23,1788.41
2011-07-07,20:26:00,2011.515,54.88,-163.89,15437.7,13690.0776,382.07,0.61,0.1,0.1,388.17,-47.46,313.6,28.4,480.4,3.7,1762.29
2011-07-07,20:34:00,2011.515,55.53,-162.37,15430.8,13666.784,384.95,1.29,0.09,0.09,387.89,-49.38,298.9,22,534.9,3.79,1687.08
2011-07-07,21:13:00,2011.515,59.22,-155.56,14690.8,13900.8685,395.73,1.04,0.1,0.1,388.71,-44.51,304.6,23.5,494.7,3.44,1716.12
2011-07-11,19:17:00,2011.525,58.47,-138.51,18759.4,12421.4847,361.33,0.45,0.1,0.1,390.64,-52.57,316.7,41.5,292.8,7.58,1758.94
2011-07-11,21:55:00,2011.526,55.95,-118.4,16207.1,13353.2648,375.96,1.26,0.09,0.09,388.2,-38.33,299.7,22.2,496.9,3.59,1688.44
2011-07-11,22:19:00,2011.526,53.69,-115,16207.5,13386.9063,375.55,0.24,0.11,0.11,391.94,-22.44,320.7,50.6,206.5,4.64,1795.03
2011-07-11,22:56:00,2011.526,49.37,-112.45,16209.2,13475.0876,374.44,0.25,0.11,0.11,390.71,-23.84,320.5,37.5,287.4,4.45,1790.04
2011-07-12,0:17:00,2011.526,42.5,-106.56,-9999,14199.0004,-9999,0.16,0.11,0.11,392.07,-3.92,322.2,49.6,153.6,5.16,1795
2011-08-20,1:01:00,2011.633,68.43,-148.26,17858.9,12469.4766,368.92,0.64,0.1,0.1,390.31,-21.04,313.1,30,312.8,5.34,1753.57
2011-08-28,3:02:00,2011.655,-43.36,173.17,14785.1,13697.5438,374.03,0.83,0.11,0.11,389.54,-39.33,309,27.9,349.8,3.75,1732.95
2011-08-29,22:55:00,2011.66,-46.78,170.1,17860.4,12282.3134,357.36,1.02,0.11,0.11,388.45,-56.51,304.9,26.2,401.8,3.31,1711.13
2011-08-30,3:38:00,2011.661,-65.08,164,23420.5,9755.6031,321.05,0.54,0.11,0.11,388.41,-27.98,314.9,32.2,202,4.77,1747.39
2011-08-30,5:56:00,2011.661,-47.99,166.27,13300.3,14084.9086,394.05,1.58,0.11,0.11,387.06,-81.26,292.3,18.1,762.9,3.55,1656.29
2011-09-01,22:33:00,2011.668,-43.81,177.07,-9999,11831.4327,-9999,1.32,0.11,0.11,388.21,-47.25,298.2,24.4,447.8,-9999,1677.3
2011-09-07,3:33:00,2011.683,54.45,-162.47,22710.9,10719.0205,341.18,0.27,0.11,0.11,389.98,7.1,320.3,45.1,192.1,23.17,1795.61
2011-09-08,18:12:00,2011.687,67.26,-147.95,22871.4,10758.6867,336.55,0.43,0.1,0.1,390.29,-0.56,317.2,38.1,242.7,16.58,1772.28
2011-09-08,18:21:00,2011.687,68.51,-148.13,17875.3,12336.2787,370.99,0.66,0.1,0.1,390.28,-33.29,312.8,26.3,355.5,4.64,1747.29
2011-09-08,22:18:00,2011.687,84.53,-146.17,22259.5,10651.9031,354.2,0.59,0.1,0.1,390.51,-12.17,314.2,30.1,290.9,6.72,1757.13
2016-01-05,20:30:00,2016.013,36.6,-97.24,17843.5,12534.496,357.81,0.65,0.1,0.1,398.28,-90.53,317.2,36.4,-9999,4.58,1789.2
2016-01-07,19:39:00,2016.019,37.52,-100.42,17858.6,12407.7009,368.81,0.92,0.1,0.1,397.92,-84.5,311.5,32.4,-9999,4.21,1761.21
2016-01-07,19:56:00,2016.019,35.81,-98.69,17843.6,12471.5711,369.07,0.68,0.1,0.1,398.72,-58.01,316.6,52.6,-9999,3.9,1806.91
2016-01-07,23:26:00,2016.019,36.78,-100.67,16989.8,12743.6272,374.59,1.52,0.09,0.09,397.35,-85.13,297.8,24.1,-9999,3.84,1720.57
2016-01-15,19:39:00,2016.04,-53.24,-76.86,18032.1,12449.3162,350.52,0.9,0.11,0.11,398.03,-53.04,311.7,27.3,-9999,6.71,1729.65
2016-01-18,15:50:00,2016.048,-57.7,-62.61,17837.8,12222.0641,362,1.77,0.1,0.1,397.04,-102.41,291.8,17.5,-9999,3.7,1665.47
2016-01-18,16:53:00,2016.048,-62.87,-52.93,18331.1,11807.0064,370.8,1.59,0.1,0.11,397.07,-95.73,296.3,21.5,-9999,3.58,1664.31
2016-01-21,16:56:00,2016.057,-66.35,-81.29,17835.4,12014.1514,377.53,2.99,0.12,0.12,394.58,-194.5,256.2,14.1,-9999,2.95,1507.23
2016-01-21,17:04:00,2016.057,-67.24,-82.43,24949.5,9782.6473,339.37,1.13,0.11,0.11,397.74,-27.74,306.8,18.6,-9999,5.62,1657.95
2016-01-21,21:02:00,2016.057,-57.18,-90.9,22569.1,10702.5703,347.58,1.01,0.11,0.11,398.09,-19.51,309.3,25.1,-9999,6.64,1738.55
2016-01-21,21:10:00,2016.057,-58.09,-91.31,17860.3,12175.4723,373.6,2.48,0.09,0.1,395.16,-133.17,272.7,15,-9999,2.95,1558.45
2016-01-21,21:26:00,2016.057,-57.62,-87.98,17831.1,12226.3002,373.03,1.25,0.11,0.11,397.98,-70.31,304.1,23.4,-9999,3.92,1720.92
2016-01-23,16:05:00,2016.062,-49.36,-75.45,17848,12471.7233,357.73,1.31,0.11,0.11,397.71,-80.67,302.7,22.7,-9999,5.43,1706.71
2016-01-23,19:36:00,2016.062,-34.65,-79.03,17843.4,12856.8181,364.87,1.12,0.11,0.11,397.97,-68.86,307.1,24.8,-9999,4.58,1724.23
2016-01-23,19:58:00,2016.062,-37.03,-77.07,17844.7,12862.5691,359.97,1.08,0.1,0.11,398.01,-60.11,307.9,25.4,-9999,5.04,1723.5
2016-01-23,20:07:00,2016.062,-38.15,-76.13,17844.2,12873.6187,356.28,0.73,0.11,0.11,399.09,-48.5,315.3,31,-9999,6.92,1770.58
2016-01-25,17:26:00,2016.068,-57.53,-69.05,17844.7,12152.5628,367.18,1.49,0.1,0.11,397.28,-115.04,298.6,22.8,-9999,4.05,1666.26
2016-01-25,17:48:00,2016.068,-60.23,-68.88,17845.1,12108.5747,368.78,1.5,0.11,0.11,397.49,-79.57,298.5,19.6,-9999,3.86,1687.6
2016-01-25,18:01:00,2016.068,-61.86,-68.76,17845.9,12086.0602,368.48,1.66,0.1,0.11,397.35,-104.71,294.5,19.3,-9999,3.76,1675.25
2016-01-25,18:29:00,2016.068,-64.13,-65.56,17834.7,12051.5554,368.43,2.61,0.1,0.1,395.53,-138.9,268.9,12.2,-9999,3.17,1569.63
2016-01-25,18:41:00,2016.068,-63.49,-68.22,17843.4,12066.7399,368.16,2.13,0.1,0.1,396.31,-104.49,282.6,15.1,-9999,3.46,1608.61
2016-01-25,18:56:00,2016.068,-63.75,-66.4,17845.6,12059.6129,369.44,1.95,0.1,0.1,396.28,-122.11,287.4,16.9,-9999,3.44,1605.33
2016-01-25,19:22:00,2016.068,-64.74,-64.27,17844.2,12047.684,367.4,2.14,0.1,0.1,396.51,-126.88,282.3,15.4,-9999,3.47,1626.7
2016-01-25,19:51:00,2016.068,-67.62,-69.09,17850.7,12023.6453,367.82,1.76,0.1,0.11,396.79,-107.07,292.1,18.9,-9999,3.83,1651.79
2016-01-25,20:04:00,2016.068,-67.97,-69.62,23177.7,10351.2023,335.76,0.72,0.11,0.11,398.93,40.48,315.5,28.4,-9999,10.8,1751.22
2016-01-25,21:16:00,2016.068,-64.39,-69.71,17867,12068.1347,366.8,1.33,0.11,0.11,398.23,-76.75,302.4,35.9,-9999,4.41,1729.28
2016-01-25,21:24:00,2016.068,-63.28,-69.73,17840.3,12093.0316,366.95,1.17,0.11,0.11,398.34,-69.59,305.9,38.1,-9999,4.54,1737.98
2016-02-05,15:33:00,2016.097,-56.3,-71.64,18740.6,12208.1769,336.31,0.43,0.1,0.11,399.7,-34.86,321.3,37.4,-9999,20.14,1776.06
2016-02-05,16:41:00,2016.098,-62.84,-77.04,18844.9,11910.4662,340.47,1.2,0.11,0.11,397.76,-64.06,305.2,17.6,-9999,6.26,1705.5
2016-02-05,17:26:00,2016.098,-67.53,-81.86,19138.1,11572.886,358.72,1.48,0.1,0.11,396.64,-99.42,298.9,19,-9999,3.9,1658.74
2016-02-05,17:32:00,2016.098,-68.19,-82.72,28480,8971.3615,319.13,0.79,0.11,0.11,398.27,-18.46,314,21,-9999,18.53,1739.94
2016-02-08,15:32:00,2016.106,-50.82,-73.7,18839.6,12153.6381,354.83,0.61,0.1,0.11,399.53,-24.73,317.8,35,-9999,8.8,1771.07
2016-02-08,18:06:00,2016.106,-36.58,-75.11,18955.1,12527.2675,355.89,0.43,0.11,0.11,399.45,-34.2,321.3,41.5,-9999,10.33,1770.42
2016-02-08,18:48:00,2016.106,-38.6,-73.6,20586,11969.9675,345.64,0.63,0.1,0.11,399.62,-9.09,317.3,31.8,-9999,18.95,1762.08
2016-02-12,15:34:00,2016.117,-56.33,-68.92,18251.9,11937.6199,371.06,2.01,0.1,0.1,396.69,-119.56,285.9,18.8,-9999,3.93,1631.13
2016-02-12,16:46:00,2016.117,-65.36,-63.93,17829.6,11934.7502,372.76,1.26,0.11,0.11,398.47,-80.83,303.9,24.3,-9999,4.08,1709.23
2016-02-12,17:36:00,2016.117,-71.74,-59.09,21018.6,10864.4217,353.13,1.29,0.11,0.11,398.15,-54.9,303.2,22.6,-9999,4.84,1700.77
2016-02-12,21:38:00,2016.117,-58.88,-59.84,23221.9,10319.0607,341.82,1.92,0.1,0.1,397.51,-32.11,288.3,20.8,-9999,5.85,1699.43
2016-02-18,16:22:00,2016.133,-56.34,-65.63,17835,12195.5817,363.91,1.85,0.1,0.1,397.21,-105.49,290,19.1,-9999,3.85,1653.51
2016-02-18,22:15:00,2016.134,-49.87,-64.02,17836.7,12421.4578,365.29,1.51,0.1,0.11,397.46,-83.96,298.3,20.3,-9999,3.76,1680.67
2016-02-18,22:34:00,2016.134,-50.69,-67.13,17842,12407.4646,363.26,1.14,0.11,0.11,398.31,-66.46,306.7,24.3,-9999,4.56,1714.98
2016-02-18,22:51:00,2016.134,-51.9,-69.6,18346.8,12224.5065,357.3,1.03,0.11,0.11,398.71,-54.06,309.1,25,-9999,6.78,1743.33
2016-02-24,15:42:00,2016.149,-60.5,-69.04,17845.5,12118.9275,371.43,1.57,0.1,0.11,397.89,-103.27,296.9,20.2,-9999,3.76,1679.23
2016-02-24,15:58:00,2016.149,-62.37,-69.22,20433.4,11201.4417,358.09,1.45,0.11,0.11,397.6,-68.35,299.7,20.8,-9999,4.16,1692.5
2016-02-25,17:02:00,2016.152,-55.74,-67.49,17854.1,12259.986,363.74,1.36,0.1,0.11,398.43,-92.69,301.8,24,-9999,3.7,1702.57
2017-01-29,21:26:00,2017.079,50.09,-140.74,28802.7,9139.5129,316.97,0.42,0.11,0.1,402.51,-9.79,322.5,46.2,256.6,-9999,1820.83
2017-01-29,23:12:00,2017.079,59.95,-146.92,22822,10402.4677,340.7,0.8,0.1,0.1,401.47,-25.52,314.9,36,408.4,-9999,1776.99
2017-01-29,23:46:00,2017.079,63.08,-149.23,22794.3,10380.1419,341.24,1.13,0.1,0.1,401.11,-27.12,307.7,31.7,497.5,-9999,1754.7
2017-01-30,2:00:00,2017.08,69.77,-155.25,26671,9283.1976,320.93,0.33,0.11,0.11,402.69,5.96,324.3,50.6,222.9,-9999,1826.05
2017-01-30,2:12:00,2017.08,68.5,-154.22,19762.7,11255.3805,353.74,1.76,0.09,0.09,399.87,-39.81,292.3,31.8,684,-9999,1698.49
2017-01-30,2:42:00,2017.08,64.8,-151.84,19793,11313.9925,356.56,2.03,0.08,0.08,399.24,-58.78,284.7,25.4,871.4,-9999,1645.48
2017-02-06,3:28:00,2017.099,-54.48,165.64,32333.5,8188.2766,315.28,0.54,0.11,0.11,401.75,-23.32,320,27,176.4,-9999,1762.6
2017-02-10,22:52:00,2017.112,-62.67,-148.99,26242.9,9575.7496,333.66,0.87,0.11,0.11,401.14,-25.75,313.2,20.1,246.5,-9999,1737.34
2017-02-11,0:21:00,2017.112,-65.22,-125.94,23923.6,10120.314,330.57,0.51,0.1,0.11,402.04,-12.2,320.5,35.4,168.7,-9999,1778.16
2017-02-11,1:57:00,2017.113,-63.57,-99.81,21740.9,10611.4068,359,1.21,0.11,0.11,400.76,-43.57,305.9,21.7,293.2,-9999,1715.69
2017-02-11,2:08:00,2017.113,-63.08,-97.03,33304.1,7742.2393,305.97,0.5,0.11,0.11,401.86,7.64,320.8,32.8,127.9,-9999,1767.85
2017-02-11,3:00:00,2017.113,-60.52,-86.53,19764.6,11285.0786,368.71,1.34,0.11,0.11,400.75,-51.47,303,19.6,331.3,-9999,1708.09
2017-02-18,15:14:00,2017.133,70.46,-52.11,26320.9,9484.8515,322.8,0.53,0.1,0.1,405.72,-34.91,320.3,43.3,285.2,-9999,1805.32
2017-02-18,16:15:00,2017.133,75.24,-63.3,26269.7,9398.1969,322.98,0.49,0.1,0.1,402.19,-14.58,321.1,43.4,291.1,-9999,1804.04
2017-02-19,17:00:00,2017.136,79.78,-69.29,28813.1,8576.7964,322.03,0.4,0.11,0.11,402.76,-2.79,322.9,46.8,265.2,-9999,1813.85
2017-02-19,17:25:00,2017.136,80.51,-85.78,28817.2,8588.9893,320.69,0.56,0.1,0.1,402.65,-6.72,319.8,49.1,288.9,-9999,1807.73
2017-02-19,18:34:00,2017.136,77.58,-119.64,25092.9,9645.4794,334.48,0.72,0.1,0.1,401.43,-4.75,316.5,35.6,371.2,-9999,1780.56
2017-02-19,20:16:00,2017.137,73.73,-149.64,28757.5,8769.1368,314.53,0.21,0.11,0.11,404.65,-1.06,326.6,72.4,151.1,-9999,1850.36
2017-02-19,20:26:00,2017.137,73.18,-152.63,28779.6,8758.8321,316.6,0.34,0.11,0.11,403.92,-0.04,324.1,64.9,176.1,-9999,1841.27
2017-02-19,22:36:00,2017.137,67.38,-148.07,21680.3,10682.716,350.13,0.77,0.1,0.1,401.53,-20.26,315.6,35.6,386.3,-9999,1772.63
2017-02-21,18:36:00,2017.142,58.01,-145.3,26255.7,9644.5551,320.41,0.38,0.11,0.1,404.32,-6.59,323.3,65.5,188.9,-9999,1836.37
2017-02-21,19:33:00,2017.142,51.92,-141.63,23932.3,10319.4348,323.64,0.37,0.11,0.11,403.42,-8.02,323.5,53.4,243.1,-9999,1819.44
2017-02-21,21:13:00,2017.142,40.96,-136.8,27474.1,9510.6384,326.92,0.71,0.1,0.1,401.69,-9.11,316.7,39.6,323,-9999,1793.65
2017-02-21,21:48:00,2017.142,39.96,-132.38,32590.7,8359.9298,313.78,0.33,0.11,0.11,403.66,-24.38,324.2,56.5,213.2,-9999,1827.04
2017-02-21,22:01:00,2017.142,39.4,-130.23,19727.3,11743.0378,357.96,0.97,0.1,0.1,400.9,-26.84,311.4,34.8,453.3,-9999,1752.92
2017-02-21,22:24:00,2017.142,38.22,-126.29,19727.9,11821.3082,354.43,1.24,0.1,0.1,401.25,-17.1,305.3,34.1,449.5,-9999,1752.1
2017-09-14,22:52:00,2017.704,35.97,-118.09,17959.3,12950.2693,358.44,0.28,0.11,0.11,404.22,-4.74,325.7,51.2,178.5,13.07,1854.4
2017-09-26,17:59:00,2017.736,36.01,-111.87,23966.6,10914.8827,335.87,0.1,0.11,0.11,403.85,-8.51,329.1,56,143.8,32.58,1867.94
2017-09-26,21:25:00,2017.737,38.48,-109.04,20658.5,11922.4977,349.48,0.08,0.11,0.11,401.08,23.88,329.5,43.1,151.6,17.97,1858.34
2017-09-26,21:32:00,2017.737,38.1,-109.89,20706.9,11869.7267,349.09,0.13,0.11,0.11,404.4,10.11,328.5,43.5,165.2,17.97,1854.87
2017-09-26,21:38:00,2017.737,37.72,-110.7,20680.4,11879.73,350.85,0.19,0.11,0.11,404.71,-5.22,327.5,39.6,207.2,15.26,1844.96
2017-10-04,18:39:00,2017.758,59,-156.02,25073.2,10278.368,334.07,0.14,0.11,0.11,403.9,-14.83,328.4,55.4,148.2,-9999,1863.07
2017-10-09,4:12:00,2017.77,-47.5,168.31,18841.2,12173.1285,352.17,0.62,0.11,0.11,403.78,-20.86,318.9,25.3,330.1,-9999,1770.08
2017-10-11,18:51:00,2017.777,-47.01,177.71,31531.8,8605.2495,323.12,0.46,0.1,0.11,403.77,-13.23,322.1,45.4,216.1,-9999,1789.51
2017-10-11,20:10:00,2017.778,-54,-172.57,28816.8,9172.7478,325.5,0.4,0.1,0.11,403.91,-7.48,323.3,45.5,207.4,-9999,1793.33
2017-10-11,20:32:00,2017.778,-56.03,-168.79,28824.6,9187.2157,321.55,0.35,0.11,0.11,403.83,-5.45,324.4,53.8,166.9,-9999,1802.01
2017-10-11,23:03:00,2017.778,-64.68,-135.25,23906.6,9995.433,327.52,0.66,0.1,0.11,403,-27.18,318.1,29.5,264.6,-9999,1761.58
2017-10-11,23:20:00,2017.778,-65.08,-129.66,23899.4,9907.8641,327.03,0.65,0.11,0.11,403.17,-24.82,318.3,32.1,258,-9999,1764.68
2017-10-12,0:23:00,2017.778,-64.95,-112.05,22795.5,10107.5221,331.27,0.91,0.11,0.11,402.31,-19.05,312.9,27.4,309.4,-9999,1738.41
2017-10-12,1:17:00,2017.778,-63.16,-97.42,22777.9,10253.4372,323.06,0.54,0.1,0.11,403.36,-10.04,320.5,36.8,241.8,-9999,1772.41
2017-10-12,2:18:00,2017.778,-59.59,-83.62,19724.9,11307.381,340.12,0.8,0.1,0.11,402.97,-34.92,315.2,24.5,356,-9999,1749.29
2017-10-12,3:10:00,2017.778,-55.45,-73.92,18798.1,11729.5544,351.1,0.97,0.11,0.11,402.69,-29.99,311.7,23.1,429.9,-9999,1734.1
2017-10-14,17:42:00,2017.786,-79.67,-47.13,21717.7,10177.1784,311.61,0.35,0.1,0.1,403.52,-5.14,324.3,44.2,173.1,-9999,1792.84
2017-10-14,20:09:00,2017.786,-65.14,-62.52,20698.3,10521.8397,322.48,0.62,0.11,0.11,403.21,-2.52,318.9,36.8,224.7,-9999,1772.54
2017-10-14,21:27:00,2017.786,-56.91,-68.56,17932.8,11838.9698,336.65,0.69,0.1,0.11,403.26,-24.03,317.5,26.3,316.3,-9999,1758.5
2017-10-25,19:04:00,2017.816,78.16,-101.62,27487.5,9020.5402,319.72,0.51,0.1,0.1,404.36,-11.08,321.4,42.4,249.1,-9999,1822.56
2017-10-25,19:48:00,2017.816,79.95,-120.13,35252.9,7357.9695,296.6,0.17,0.11,0.11,403.74,2.42,327.9,69.5,146.3,-9999,1865.36
2017-10-25,21:24:00,2017.816,71.6,-141.02,22792.4,10349.1333,345.44,0.45,0.1,0.1,404.54,-14.92,322.6,35.1,314.6,-9999,1815.88
2017-10-25,22:54:00,2017.816,64.69,-150.96,17943,12185.6738,368.52,0.45,0.11,0.11,404.25,-8.35,322.5,31.5,302.7,-9999,1825.76
2018-04-27,17:50:00,2018.32,39.17,-129.4,32988.6,8490.1027,319.22,0.35,0.11,0.1,409.09,-1.95,325.1,84.7,193.6,-9999,1852.02
2018-04-27,20:38:00,2018.32,54.45,-142.34,27555.5,9563.9368,319.15,0.73,0.1,0.1,405.92,-17.39,317.5,56.4,350.9,-9999,1805.09
2018-04-27,21:51:00,2018.32,61.37,-145.73,22795.1,10554.1224,341.91,1.54,0.09,0.09,402.49,-47.92,299.3,31,665.4,-9999,1705.21
2018-04-27,22:44:00,2018.32,66.74,-146.47,22798.4,10471.2855,343.84,1.6,0.09,0.09,402.79,-42.06,297.7,29.4,645.3,-9999,1709.6
2018-04-27,22:58:00,2018.32,68.53,-144.8,21708.7,10798.9083,349.06,1.49,0.09,0.09,402.84,-38.77,300.6,31.2,627.7,-9999,1712.54
2018-04-28,1:17:00,2018.321,67.9,-153.14,19734.8,11398.2733,359.04,2.01,0.08,0.08,401.79,-61.65,286.5,27.5,801,-9999,1655.14
2018-04-28,1:30:00,2018.321,66.29,-152.26,19751.6,11401.2664,359.17,2.09,0.08,0.08,401.65,-69.44,284.2,26.9,822.9,-9999,1647.75
2018-04-28,1:55:00,2018.321,63.39,-150.95,32953.4,8097.5387,308.24,0.61,0.1,0.1,408.62,1.09,320,72.1,260.9,-9999,1837.97
2018-04-29,23:33:00,2018.326,31.03,-157.28,26237.2,10172.4046,328.26,0.07,0.11,0.11,411.08,-18.41,330.3,105.5,142.5,-9999,1878.19
2018-05-04,3:23:00,2018.337,-48.42,175.23,20698,11678.1546,337.18,0.34,0.11,0.11,405.04,1.12,325.1,42,149.9,-9999,1812.64
2018-05-06,22:28:00,2018.345,-54.03,-172.5,26229.1,9614.2225,324.42,0.54,0.11,0.11,404.74,1.12,321.2,36.2,166.1,-9999,1797.83
2018-05-07,2:41:00,2018.346,-65.01,-113.08,22784.8,10369.5809,330.29,0.75,0.11,0.11,404.37,-17.81,317,33.3,227.5,-9999,1783.47
2018-05-09,13:48:00,2018.352,-65.05,-62.52,26238.5,9245.8283,315.9,0.65,0.1,0.11,404.33,0.46,319,33.6,181.4,-9999,1788.96
2018-05-09,15:11:00,2018.352,-73.03,-50.56,25038.9,9333.5043,314.18,0.56,0.1,0.11,404.52,-3.08,320.9,33.4,182.9,-9999,1789.16
2018-05-09,16:23:00,2018.353,-80.02,-40.84,23863.1,9559.7214,320.52,0.76,0.11,0.11,404.05,-1.89,316.8,27.6,252.2,-9999,1768.85
2018-05-09,17:47:00,2018.353,-84.51,-51.7,21704.2,10120.973,328.79,0.72,0.11,0.11,404.17,-2.7,317.6,27.9,251.8,-9999,1774.31
2018-05-09,18:56:00,2018.353,-77.58,-62,29201.5,8290.5111,305.24,0.48,0.1,0.11,404.39,-4.25,322.5,34.2,150.1,-9999,1794.12
2018-05-09,20:01:00,2018.353,-69.35,-66.69,18814.5,11271.7276,356.69,0.48,0.11,0.11,404.95,-13.53,322.4,36.3,239.3,-9999,1809.07
2018-05-09,21:02:00,2018.353,-61.55,-68.68,18818.3,11555.1023,363.05,0.72,0.1,0.11,404.46,-36.33,317.6,29.6,293.6,-9999,1780.14
2018-05-12,14:07:00,2018.361,-44.33,-49.95,25048,10091.7686,336,0.6,0.11,0.11,404.56,12.44,320.1,33.4,219.8,-9999,1789.58
2018-05-14,19:14:00,2018.367,36,-27.21,18855.3,12503.2578,342.87,0.12,0.11,0.11,409.57,3.92,329.4,72.7,161.8,-9999,1857.91
2018-05-17,15:03:00,2018.374,64.28,-40.81,32833.2,8041.6902,313.75,0.3,0.11,0.11,409.17,8.2,326.1,84.4,204.2,-9999,1860.51
2018-05-17,15:38:00,2018.374,64.62,-51.75,41838.9,6322.1792,303.51,0.39,0.11,0.1,408.93,8.39,324.3,70.6,235.8,-9999,1848.5
2018-05-17,16:39:00,2018.375,69.32,-59.19,21719.3,10862.9886,349.05,1.01,0.1,0.1,404.96,-8.09,311.7,40.8,432.9,-9999,1769.08
2018-05-17,17:11:00,2018.375,73.16,-63.37,21719.8,10896.3178,351.46,1.66,0.09,0.09,402.72,-35.12,296.2,29.9,701.9,-9999,1687.72
2018-05-17,17:29:00,2018.375,75.27,-66.14,21719.5,10901.6818,353.94,1.87,0.09,0.09,402.4,-39.98,290.6,28.4,725.6,-9999,1678.85
2018-05-17,17:45:00,2018.375,74.93,-63.53,21715.1,10898.0304,353.38,1.66,0.09,0.09,402.92,-17.23,296.3,30.4,661.6,-9999,1700.02
2018-05-18,13:35:00,2018.377,58.47,-60.72,22839.3,10494.6548,350.71,1.6,0.09,0.09,403.04,-33.87,297.8,31.2,-9999,-9999,1705.63
2018-05-18,14:18:00,2018.377,52.92,-64.28,20757.8,11295.7649,357.57,1.72,0.09,0.09,403.22,-45.89,294.7,25.4,-9999,-9999,1683.62
2018-05-18,15:04:00,2018.377,47.16,-67.75,20795.7,11643.8057,345.82,1.35,0.09,0.09,404.19,-27.46,304,30.5,-9999,-9999,1728.61
2018-05-19,17:34:00,2018.38,64.93,-84.82,30128.1,8726.9472,312.53,0.67,0.1,0.1,406.86,-7.72,318.9,54.8,340.7,-9999,1813.16
2018-05-19,18:06:00,2018.38,68.72,-87.44,27418.3,9286.1206,334.35,1.35,0.1,0.09,404.03,-33.04,304,37.1,547.1,-9999,1744.02
2018-05-19,19:11:00,2018.38,74.57,-94,27675.5,9291.6914,324.12,0.72,0.1,0.1,407.61,-21.71,317.9,60.6,337.6,-9999,1813.76
2018-05-19,22:07:00,2018.381,75.48,-135.55,31400.2,8619.2511,312.86,0.51,0.1,0.1,409.49,4.53,322,77.3,239,-9999,1850.34
2018-05-19,23:31:00,2018.381,67.79,-143.12,18845.4,12070.5226,365.12,1.87,0.08,0.08,402.54,-53.87,290.8,25.4,735.3,-9999,1675.05
2018-05-19,23:43:00,2018.381,66.59,-144.75,18842.2,12074.4238,363.12,1.36,0.1,0.1,403.72,-36.03,303.8,30,554,-9999,1731.99
2018-05-19,23:54:00,2018.381,65.4,-146.19,18841.3,12076.114,363.34,1.4,0.09,0.09,403.63,-40.3,302.8,30.2,566,-9999,1728.2
2018-05-20,0:11:00,2018.381,63.4,-148.26,18850.1,12075.3899,365.16,1.76,0.09,0.09,402.75,-52.91,293.6,25.7,710,-9999,1683.1
2018-05-21,17:15:00,2018.386,59.57,-146.69,28802.1,9082.2127,324.59,0.99,0.1,0.1,407.48,-16.32,312.1,57.1,326.4,-9999,1809.95
2018-05-21,18:05:00,2018.386,55.35,-143.5,35504.6,7647.6024,311.7,0.52,0.11,0.1,409.87,12.09,321.9,86.9,174,-9999,1869.74
2018-05-21,18:14:00,2018.386,54.33,-142.87,28797.8,9091.9659,332.11,1.02,0.1,0.1,405.38,-18,311.4,44.2,445.5,-9999,1768.81
2018-05-21,18:33:00,2018.386,52.38,-141.73,26280.8,9796.8696,340.48,1.34,0.1,0.09,404.36,-23.61,304.2,36.4,521.9,-9999,1741.9
2018-05-21,18:43:00,2018.386,51.29,-141.15,27303.3,9609.0016,334.93,1.28,0.09,0.09,404.74,-24.61,305.7,38,485.5,-9999,1752.11
2018-05-21,22:15:00,2018.386,38.64,-122.43,20409.1,11968.0362,341.96,0.36,0.11,0.11,409.72,4.62,325,71.3,203.1,-9999,1849.71
